{
  "version": "2021.2",
  "applications": [],
  "platforms": [],
  "systems": [
    {
      "name": "inverse_matrix_se_system",
      "platform": "C:/Users/alber/workspace2/design_1_inv_matrix_se_wrapper/export/design_1_inv_matrix_se_wrapper/design_1_inv_matrix_se_wrapper.xpfm",
      "sysConfig": "design_1_inv_matrix_se_wrapper",
      "buildConfig": "Release",
      "applications": [
        {
          "name": "inverse_matrix_se",
          "platform": "C:/Users/alber/workspace2/design_1_inv_matrix_se_wrapper/export/design_1_inv_matrix_se_wrapper/design_1_inv_matrix_se_wrapper.xpfm",
          "platformPath": "C:\\Users\\alber\\workspace2\\design_1_inv_matrix_se_wrapper\\export\\design_1_inv_matrix_se_wrapper",
          "sysConfig": "design_1_inv_matrix_se_wrapper",
          "domain": "standalone_psu_cortexa53_0",
          "system": "inverse_matrix_se_system"
        }
      ],
      "platformPath": "C:\\Users\\alber\\workspace2\\design_1_inv_matrix_se_wrapper\\export\\design_1_inv_matrix_se_wrapper"
    }
  ],
  "others": []
}