{
  "version": "2022.2",
  "applications": [],
  "platforms": [],
  "systems": [
    {
      "name": "fir_filterv2_system",
      "platform": "C:/Users/alber/workspace/design_1_wrapper_2/export/design_1_wrapper_2/design_1_wrapper_2.xpfm",
      "sysConfig": "design_1_wrapper_2",
      "buildConfig": "Release",
      "applications": [
        {
          "name": "fir_filterv2",
          "platform": "C:/Users/alber/workspace/design_1_wrapper_2/export/design_1_wrapper_2/design_1_wrapper_2.xpfm",
          "platformPath": "C:\\Users\\alber\\workspace\\design_1_wrapper_2\\export\\design_1_wrapper_2",
          "sysConfig": "design_1_wrapper_2",
          "domain": "standalone_psu_cortexa53_0",
          "system": "fir_filterv2_system"
        }
      ],
      "platformPath": "C:\\Users\\alber\\workspace\\design_1_wrapper_2\\export\\design_1_wrapper_2"
    }
  ],
  "others": []
}